,dates,DocumentIdentifier
60,2015-03-25 00:30:00,http://www.whatech.com/market-research-reports/press-release/green-technology/49387-global-and-china-lithium-carbonate-industry-report-for-2014-published-by-leading-research-firm
61,2015-03-25 05:45:00,http://www.mining.com/web/will-graphite-lithium-cobalt-battery-revolution-come-simon-moores/
63,2015-03-25 19:45:00,http://etfdailynews.com/2015/03/25/tesla-motors-inc-tsla-where-will-the-graphite-lithium-and-cobalt-for-the-battery-revolution-come-from/
175,2016-01-21 02:30:00,http://finance.yahoo.com/news/lithium-carbonate-market-china-global-020000274.html
176,2016-01-21 02:30:00,http://www.thestreet.com/story/13430807/1/lithium-carbonate-market-china-and-global-2020-forecast-research-reports.html
177,2016-01-21 02:45:00,http://www.prnewswire.co.uk/news-releases/lithium-carbonate-market-china-and-global-2020-forecast-research-reports-566000391.html
178,2016-01-21 02:45:00,http://www.finanznachrichten.de/nachrichten-2016-01/36201999-lithium-carbonate-market-china-and-global-2020-forecast-research-reports-008.htm
179,2016-01-21 03:15:00,http://www.marketwatch.com/story/lithium-carbonate-market-china-and-global-2020-forecast-research-reports-2016-01-20
184,2016-01-22 16:30:00,http://www.finanznachrichten.de/nachrichten-2016-01/36223744-global-and-chinese-lithium-carbonate-industry-report-2016-008.htm
185,2016-01-22 17:15:00,http://www.prnewswire.co.uk/news-releases/global-and-chinese-lithium-carbonate-industry-report-2016-566202741.html
207,2016-02-02 11:45:00,http://www.indmin.com/Article/3525993/Albemarle-to-produce-70000-tpa-lithium-carbonate-in-Chile-under-new-deal.html
349,2016-04-07 01:30:00,http://investingnews.com/daily/resource-investing/energy-investing/lithium-investing/lithium-carbonate-lithium-hydroxide-nemaska-lithium/
378,2016-04-15 15:00:00,http://investorintel.com/technology-metals-intel/cheap-lithium-ion-batteries-for-evs-vs-the-cobalt-cliff/
397,2016-04-21 13:00:00,http://www.prnewswire.com/news-releases/lithium-sets-itself-apart-in-mining-sector-as-lithium-production-surges-on-rapidly-increasing-demand-company-expands-operations-at-recently-acquired-nevada-project-576540631.html
478,2016-05-20 18:15:00,http://investorintel.com/technology-metals-intel/petersen-critiques-teslas-cobalt-lithium-and-graphite-disclosure-for-ev-batteries/
489,2016-05-23 11:30:00,http://seekingalpha.com/article/3976986-lithium-ion-battery-trifecta-selecting-best-lithium-cobalt-graphite-miners
580,2016-06-10 20:15:00,https://www.yahoo.com/news/whats-behind-surge-lithium-etf-192007749.html
612,2016-06-21 23:30:00,https://www.yahoo.com/news/move-over-oil-lithium-future-222100333.html
630,2016-07-01 22:15:00,http://www.madinamerica.com/2016/07/consequences-of-having-taken-lithium-carbonate-1984-1996/
704,2016-08-04 17:30:00,https://www.yahoo.com/news/forget-oil-invest-lithium-etf-164104377.html
705,2016-08-04 18:15:00,http://www.nasdaq.com/article/forget-oil-invest-in-lithium-etf-cm660587
707,2016-08-05 11:00:00,http://seekingalpha.com/article/3996256-forget-oil-invest-lithium-etf
752,2016-08-18 16:15:00,http://www.profitconfidential.com/news/lithium-mining-heres-the-list-of-major-lithium-mining-companies-in-the-world/
884,2016-09-30 14:30:00,https://www.washingtonpost.com/graphics/business/batteries/congo-cobalt-mining-for-lithium-ion-battery/
896,2016-10-11 15:00:00,http://investorplace.com/2016/10/trade-of-the-day-global-x-lithium-etf-nysearca-lit/
898,2016-10-11 17:45:00,http://investingnews.com/company-profiles/lico-energy-metals-lithium-cobalt-dixie-valley-nevada/
899,2016-10-11 20:00:00,http://www.nasdaq.com/article/trade-of-the-day-global-x-lithium-etf-nysearcalit-cm692011
959,2016-10-31 11:00:00,http://world.einnews.com/pr_news/351784553/fmc-corporation-and-nemaska-lithium-sign-long-term-lithium-carbonate-supply-agreement
960,2016-10-31 11:00:00,http://energy.einnews.com/pr_news/351784553/fmc-corporation-and-nemaska-lithium-sign-long-term-lithium-carbonate-supply-agreement
961,2016-10-31 11:00:00,http://brazilbusiness.einnews.com/pr_news/351784553/fmc-corporation-and-nemaska-lithium-sign-long-term-lithium-carbonate-supply-agreement
962,2016-10-31 13:00:00,https://www.juniorminingnetwork.com/junior-miner-news/press-releases/940-tsx/nmx/26137-fmc-corporation-and-nemaska-lithium-sign-long-term-lithium-carbonate-supply-agreement.html
963,2016-11-01 00:00:00,http://investingnews.com/daily/resource-investing/energy-investing/lithium-investing/nemaska-lithium-enter-into-fmc-make-lithium-carbonate-supply-agreement/
1031,2016-11-21 22:00:00,http://www.prnewswire.com/news-releases/petrolithium---tech-breakthrough-could-transform-lithium-production-602292215.html
1066,2016-11-29 09:30:00,http://www.einnews.com/pr_news/355874732/nemaska-lithium-receives-united-states-and-canadian-patents-for-its-lithium-hydroxide-and-lithium-carbonate-processes
1067,2016-11-29 12:30:00,http://satprnews.com/2016/11/29/nemaska-lithium-inc-nmkef-otcqx-international-nemaska-lithium-receives-united-states-and-canadian-patents-for-its-lithium-hydroxide-and-lithium-carbonate-processes/
1082,2016-12-06 12:30:00,http://www.einnews.com/pr_news/356876508/nemaska-lithium-added-to-solactive-global-lithium-index-and-global-x-lithium-etf
1176,2017-01-11 13:15:00,http://military-technologies.net/2017/01/11/nemaska-lithium-inc-nmkef-otcqx-international-nemaska-lithium-receives-australian-patent-for-lithium-hydroxide-and-carbonate-production/
1185,2017-01-17 08:30:00,http://www.einnews.com/pr_news/362313023/scientific-metals-provides-updates-on-cobalt-and-lithium-projects
1186,2017-01-17 09:15:00,http://military-technologies.net/2017/01/17/scientific-metals-corp-sctff-otcqb-scientific-metals-provides-updates-on-cobalt-and-lithium-projects/
1201,2017-01-18 18:15:00,http://investingnews.com/daily/resource-investing/critical-metals-investing/cobalt-investing/lico-energy-metals-signs-a-definitive-option-agreement-to-acquire-lithium-exploitation-concession-in-salar-de-atacama-chile/
1251,2017-01-27 20:15:00,http://investingnews.com/daily/resource-investing/precious-metals-investing/silver-investing/david-morgan-precious-metals-lithium-cobalt/
1265,2017-01-31 01:45:00,http://investingnews.com/company-profiles/galaxy-resources-lithium-spodumene-australia/
1279,2017-02-01 20:15:00,http://www.stockhouse.com/opinion/independent-reports/2017/02/01/the-perfect-marriage-lithium-cobalt-%E2%80%93-lico-energy-tsxv-lic-otcmkts-wctxf-fra
1301,2017-02-13 07:00:00,http://reports.pr-inside.com/global-and-china-lithium-iron-phosphate-lifepo4-sa-r4571650.htm
1307,2017-02-16 18:30:00,http://www.midasletter.com/2017/02/former-tesla-motors-engineer-and-lithium-americas-cto-dr-david-deak-on-lithium-and-cobalt-supply/
1333,2017-02-23 02:30:00,http://www.einnews.com/pr_news/367824846/uranium-resources-reports-favorable-lithium-concentrations-at-the-columbus-basin-project
1355,2017-03-01 01:15:00,https://www.moneymorning.com.au/20170301/end-lithium-cobalt-graphite-stocks-asxu.html
1410,2017-03-21 15:15:00,http://www.nasdaq.com/article/albemarle-to-double-lithium-production-at-greenbushes-mine-cm763331
1413,2017-03-22 11:00:00,http://www.einnews.com/pr_news/372284060/fmc-corporation-makes-a-us-10m-payment-per-lithium-carbonate-supply-agreement
1447,2017-03-30 13:30:00,http://www.prnewswire.com/news-releases/the-role-of-cobalt-in-the-lithium-battery-market-617653193.html
1448,2017-03-30 13:45:00,http://www.military-technologies.net/2017/03/30/the-role-of-cobalt-in-the-lithium-battery-market-2/
1456,2017-04-03 13:45:00,http://www.nasdaq.com/article/lithium-etf-lit-hits-new-52-week-high-cm768890
1569,2017-04-11 14:15:00,http://www.prnewswire.com/news-releases/the-importance-of-cobalt-in-the-lithium-market-619140364.html
1599,2017-04-18 14:15:00,http://www.prnewswire.com/news-releases/the-lithium-and-cobalt-markets-are-gaining-interest-619708313.html
1624,2017-05-01 15:45:00,http://www.prnewswire.com/news-releases/lithium-and-cobalt-markets-benefit-from-demand-for-rechargeable-batteries-620886573.html
1628,2017-05-02 15:30:00,http://www.prnewswire.com/news-releases/hotter-than-lithium-cobalt-prices-soaring-on-supply-deficit-620993503.html
1644,2017-05-05 11:15:00,http://www.einnews.com/pr_news/379518556/johnson-matthey-battery-materials-approves-lithium-hydroxide-from-nemaska-lithium-and-releases-2m-milestone-payment
1650,2017-05-10 13:45:00,http://www.prnewswire.com/news-releases/the-demand-for-lithium-and-cobalt-markets-621863743.html
1660,2017-05-11 14:00:00,http://www.prnewswire.com/news-releases/the-importance-of-lithium-and-cobalt-in-todays-energy-market-621990303.html
1673,2017-05-23 13:30:00,http://www.prnewswire.com/news-releases/lithium-and-cobalt-markets-continue-to-grow-due-to-rechargeable-batteries-623839774.html
1681,2017-05-29 15:30:00,http://www.einnews.com/pr_news/383803079/critical-elements-successfully-completes-pilot-plant-work-for-lithium-carbonate-conversion
1690,2017-05-31 13:45:00,http://www.prnewswire.com/news-releases/the-importance-of-cobalt-in-the-lithium-battery-market-625486594.html
1692,2017-06-05 20:15:00,http://www.prnewswire.com/news-releases/the-growth-of-lithium-and-cobalt-demand-from-electric-vehicles-626486921.html
1733,2017-06-20 21:15:00,http://www.einnews.com/pr_news/387922236/nemaska-lithium-delivers-battery-grade-lithium-hydroxide-to-johnson-matthey-and-provides-phase-1-plant-update
1739,2017-06-22 13:30:00,http://www.prnewswire.com/news-releases/the-growth-of-electric-vehicle-demand-pushes-cobalt-and-lithium-markets-higher-630121623.html
1745,2017-06-23 19:45:00,http://www.nasdaq.com/article/how-tesla-is-driving-the-lithium-etf-higher-cm807581
1747,2017-06-24 05:00:00,https://mrtopstep.com/how-tesla-is-driving-the-lithium-etf-higher/
1773,2017-08-03 14:30:00,http://www.nasdaq.com/article/lithium-etf-lit-hits-new-52-week-high-cm826332
1819,2017-09-01 07:15:00,https://seekingalpha.com/article/4103528-100-tons-lithium-carbonate-per-hectare-good-rule-thumb-lithium-projects-potential-argentina
1826,2017-09-06 13:45:00,http://www.prnewswire.com/news-releases/the-growth-of-cobalt-markets-and-lithium-ion-batteries-as-a-result-of-evs-popularity-642870043.html
1828,2017-09-06 15:45:00,https://investingnews.com/company-profiles/galaxy-resources-lithium-spodumene-australia/
1829,2017-09-06 15:45:00,https://investingnews.com/company-profiles/lico-energy-metals-lithium-cobalt-dixie-valley-nevada/
1838,2017-09-11 19:45:00,http://www.afr.com/markets/commodities/metals/lithium-etf-surges-on-china-electriccar-push-20170911-gyfesf
1839,2017-09-12 18:15:00,http://www.prnewswire.com/news-releases/cobalt-and-lithium-markets-projected-to-grow-due-to-the-demand-of-batteries-643941013.html
1840,2017-09-12 18:30:00,http://www.prnewswire.com/news-releases/lithium-and-cobalt-mining-pushed-higher-thanks-to-electric-and-plug-in-hybrid-vehicles-643941453.html
1843,2017-09-13 18:15:00,http://www.nasdaq.com/article/inside-the-surge-in-lithium-etf-cm845242
1848,2017-09-15 13:30:00,http://markets.businessinsider.com/news/stocks/New-technology-enables-sustainable-expansion-of-lithium-production-in-Chile-674900
1850,2017-09-16 11:15:00,http://www.itbusinessnet.com/article/New-technology-enables-sustainable-expansion-of-lithium-production-in-Chile-5143009
1853,2017-09-18 10:15:00,http://www.4-traders.com/ALBEMARLE-CORPORATION-11613/news/Albemarle-Corporation-New-technology-enables-sustainable-expansion-of-lithium-production-in-Chile-25133250/
1855,2017-09-18 16:45:00,http://www.nasdaq.com/article/albemarles-technology-to-boost-lithium-production-in-chile-cm847111
1859,2017-09-19 12:45:00,https://mrtopstep.com/albemarles-technology-to-boost-lithium-production-in-chile/
1861,2017-09-19 16:00:00,http://www.indmin.com/Article/3752156/Albemarle-requests-increase-in-total-lithium-production-in-Chile.html
1878,2017-09-26 13:30:00,http://www.prnewswire.com/news-releases/lithium-batteries-in-the-automobile-industry-help-lithium-and-cobalt-markets-647933253.html
1882,2017-09-27 14:45:00,http://www.prnewswire.com/news-releases/lithium-and-cobalt-markets-in-the-spotlight-as-a-result-of-new-battery-technologies-648208503.html
1898,2017-09-29 14:00:00,http://www.prnewswire.com/news-releases/data-shows-lithium-and-cobalt-markets-are-projected-to-see-strong-demand-648642303.html
1905,2017-10-03 13:45:00,http://www.prnewswire.com/news-releases/breakthrough-in-lithium-production-could-disrupt-electric-car-markets-649224453.html
1935,2017-10-13 23:45:00,https://www.benzinga.com/content/10178184/far-resources-intersects-40-5-metres-of-light-green-spodumene-at-zoro-lithium-prope
1955,2017-10-23 18:00:00,https://seekingalpha.com/article/4115507-high-risk-high-reward-lithium-mining-companies-invest
1990,2017-11-01 01:30:00,https://wattsupwiththat.com/2017/10/31/wall-street-loves-electric-cars-america-loves-trucks-tesla-news-cobalt-cliffs-lithium-landslides-and-real-disruptive-innovation/comment-page-1/
1999,2017-11-10 00:00:00,https://www.fnarena.com/index.php/2017/11/10/material-matters-oil-coal-lithium-nickel/
2078,2017-11-29 14:30:00,https://www.prnewswire.com/news-releases/developments-in-the-lithium-and-cobalt-markets-660761223.html
2079,2017-11-29 15:00:00,http://www.tmcnet.com/usubmit/-developments-the-lithium-cobalt-markets-/2017/11/29/8658067.htm
2083,2017-11-30 14:30:00,https://www.prnewswire.com/news-releases/research-shows-lithium-and-cobalt-demand-continues-to-grow-661012033.html
2127,2017-12-07 14:30:00,https://www.prnewswire.com/news-releases/cobalt-is-growing-as-part-of-the-lithium-ion-battery-market-662532593.html
2141,2017-12-12 00:30:00,https://www.etftrends.com/electric-vehicle-bulls-help-lithium-etf-power-on/
2170,2017-12-27 14:30:00,https://www.prnewswire.com/news-releases/data-shows-positive-developments-in-lithium-and-cobalt-markets-666785303.html
2181,2017-12-28 14:30:00,https://www.marketwatch.com/story/lithium-and-cobalt-markets-benefit-from-growing-demand-for-rechargeable-batteries-2017-12-28
2183,2017-12-28 16:30:00,http://dailytelescope.com/pr/lithium-and-cobalt-markets-benefit-from-growing-demand-for-rechargeable-batteries/38376
2184,2017-12-28 16:30:00,https://www.prnewswire.com/news-releases/lithium-and-cobalt-markets-benefit-from-growing-demand-for-rechargeable-batteries-666960613.html
2204,2018-01-08 18:45:00,https://www.prnewswire.com/news-releases/lithium-and-cobalt-markets-are-expected-to-grow-668303193.html
2208,2018-01-10 14:30:00,https://www.prnewswire.com/news-releases/data-projects-lithium-and-cobalt-markets-to-show-continued-growth-668595103.html
2236,2018-01-16 19:15:00,https://www.prnewswire.com/news-releases/lithium-and-cobalt-markets-set-to-grow-thanks-to-increasing-need-for-clean-energy-669536703.html
2278,2018-01-27 04:45:00,https://www.barrons.com/articles/lithium-and-cobalt-getting-a-jolt-from-batteries-1517020153
2280,2018-01-29 10:45:00,https://www.marketwatch.com/story/how-lithium-and-cobalt-are-getting-a-boost-from-tesla-apple-batteries-2018-01-29
2291,2018-02-02 14:30:00,https://www.prnewswire.com/news-releases/electric-vehicles-to-drive-cobalt-and-lithium-markets-672335813.html
2292,2018-02-02 14:30:00,https://www.marketwatch.com/story/electric-vehicles-to-drive-cobalt-and-lithium-markets-2018-02-02
2294,2018-02-02 15:00:00,http://forimmediaterelease.net/electric-vehicles-to-drive-cobalt-and-lithium-markets-107225/
2307,2018-02-08 22:00:00,https://www.prnewswire.com/news-releases/lithium-and-cobalt-markets-on-the-rise-with-electric-vehicles-demand-673365573.html
2308,2018-02-09 14:30:00,https://www.marketwatch.com/story/emergence-of-electric-vehicles-to-push-lithium-and-cobalt-markets-2018-02-09
2309,2018-02-09 14:30:00,https://www.prnewswire.com/news-releases/emergence-of-electric-vehicles-to-push-lithium-and-cobalt-markets-673561633.html
2321,2018-02-15 14:30:00,https://www.prnewswire.com/news-releases/emergence-of-electric-vehicles-to-push-demand-for-lithium-and-cobalt-674165683.html
2337,2018-02-21 19:45:00,https://www.prnewswire.com/news-releases/technological-innovations-set-to-push-demand-for-lithium-and-cobalt-markets-674704513.html
2356,2018-02-26 23:30:00,https://www.nasdaq.com/article/lithium-etf-powers-down-on-morgan-stanleys-dismal-forecast-cm926983
2357,2018-02-26 23:45:00,https://www.etftrends.com/lithium-etf-powers-down-on-morgan-stanleys-dismal-forecast/
2359,2018-02-27 00:00:00,http://www.foxbusiness.com/markets/lithium-etf-powers-down-on-morgan-stanleys-dismal-forecast
2362,2018-02-27 07:45:00,https://news.metal.com/newscontent/100782909/Morgan-Stanley-cuts-lithium-carbonate-price-outlook
2369,2018-02-27 23:45:00,https://www.nasdaq.com/article/why-lithium-etf-plunged-to-start-the-week-cm927732
2372,2018-02-28 02:45:00,https://news.metal.com/newscontent/100782909/Report:-Morgan-Stanley-cuts-lithium-carbonate-price-outlook
2385,2018-03-01 14:45:00,https://www.prnewswire.com/news-releases/data-shows-stronger-demand-for-lithium-and-cobalt-675529773.html
2413,2018-03-05 22:30:00,https://investingnews.com/innspired/lithium-production-clean-energy/
2419,2018-03-08 14:30:00,http://forimmediaterelease.net/demand-for-cobalt-and-lithium-projected-to-increase-as-electric-vehicles-sales-surge-170632/
2420,2018-03-08 14:30:00,https://www.prnewswire.com/news-releases/demand-for-cobalt-and-lithium-projected-to-increase-as-electric-vehicles-sales-surge-676249153.html
2434,2018-03-10 02:30:00,https://www.barrons.com/articles/chile-seeks-to-rev-up-its-lithium-production-1520647972
2465,2018-03-16 00:30:00,http://www.mining.com/new-study-rips-cobalt-lithium-price-bulls/
2473,2018-03-16 20:15:00,http://www.mining.com/electric-cars-dreams-may-shattered-2050-lack-cobalt-lithium-supplies/
2489,2018-03-20 17:30:00,https://www.prnewswire.com/news-releases/data-shows-strong-demand-for-lithium-and-cobalt-677380383.html
2545,2018-03-28 00:30:00,https://community.oilprice.com/topic/1291-wood-mac-joins-lithium-cobalt-bears/
2569,2018-04-05 20:45:00,https://www.gfmag.com/magazine/april-2018/chile-challenges-chinas-control-lithium-production
2606,2018-04-19 13:30:00,https://www.prnewswire.com/news-releases/lithium-and-cobalt-markets-benefit-from-accelerated-electric-vehicle-production-680243733.html
2611,2018-04-19 18:00:00,https://www.etftrends.com/looking-at-the-lithium-etf-again/
2665,2018-05-02 03:30:00,http://www.proactiveinvestors.com.au/companies/news/196192/argosy-minerals-fast-tracks-rincon-lithium-project-to-take-advantage-of-lithium-carbonate-pricing-196192.html
2668,2018-05-02 13:15:00,https://www.prnewswire.com/news-releases/as-global-demand-for-lithium-ion-batteries-show-no-signs-of-slowing---cobalt-mining-operations-pick-up-steam-681488001.html
2669,2018-05-02 13:15:00,https://www.marketwatch.com/story/as-global-demand-for-lithium-ion-batteries-show-no-signs-of-slowing---cobalt-mining-operations-pick-up-steam-2018-05-02
2670,2018-05-02 13:15:00,https://www.finanznachrichten.de/nachrichten-2018-05/43693639-as-global-demand-for-lithium-ion-batteries-show-no-signs-of-slowing-cobalt-mining-operations-pick-up-steam-008.htm
2700,2018-05-10 02:00:00,http://www.proactiveinvestors.com.au/companies/news/196692/piedmont-lithium-sampling-returns-high-grade-lithium-at-new-property-in-carolina-tin-spodumene-belt-196692.html
2705,2018-05-11 11:30:00,http://spendmatters.com/2018/05/11/commodities-roundup-developing-european-lithium-cobalt-supply-chains-under-the-microscope/
2716,2018-05-16 07:00:00,https://www.fnarena.com/index.php/2018/05/16/material-matters-crude-cobalt-lithium/
2723,2018-05-17 00:00:00,https://www.reuters.com/article/us-kidman-resources-tesla/australias-kidman-resources-to-supply-lithium-hydroxide-to-tesla-inc-idUSKCN1IH381
2724,2018-05-17 00:00:00,http://www.mining.com/web/australias-kidman-resources-supply-lithium-hydroxide-tesla-inc/
2725,2018-05-17 00:15:00,http://www.sharenet.co.za/news/Australias_Kidman_Resources_to_supply_lithium_hydroxide_to_Tesla/cca61ddb186012408d1f5bd582d88ba3
2726,2018-05-17 00:30:00,https://www.reuters.com/article/kidman-resources-tesla/update-1-australias-kidman-resources-to-supply-lithium-hydroxide-to-tesla-idUSL3N1SN6KC
2729,2018-05-17 05:00:00,http://wardsauto.com/australias-kidman-resources-supply-lithium-hydroxide-tesla-inc
2730,2018-05-17 05:00:00,http://wardsauto.com/update-1-australias-kidman-resources-supply-lithium-hydroxide-tesla
2731,2018-05-17 06:45:00,https://www.reuters.com/article/kidman-resources-tesla/australias-kidman-resources-to-supply-lithium-hydroxide-to-tesla-inc-idUSL3N1SN6IW
2735,2018-05-17 15:00:00,https://investingnews.com/daily/resource-investing/energy-investing/lithium-investing/sienna-announces-cobalt-nickel-and-copper-mineralization-intercepted-by-reconnaissance-drilling-at-slattberg-project-in-sweden/
2753,2018-05-22 19:00:00,http://www.mining.com/web/petro-lithium-production-represents-diversification-albertas-energy-economy/
2754,2018-05-22 21:45:00,http://www.canadianminingjournal.com/news/lithium-petro-lithium-production-represents-diversification-of-albertas-energy-economy/
2762,2018-05-28 15:30:00,http://www.thinkgeoenergy.com/simplified-overview-on-planned-lithium-production-from-geothermal-operations/
2772,2018-05-31 13:00:00,https://www.finanznachrichten.de/nachrichten-2018-05/43940362-oroplata-resources-inc-lithiumore-provides-update-on-its-lithium-exploration-and-development-strategy-200.htm
2775,2018-05-31 16:00:00,https://www.popularmechanics.com/science/environment/a20966184/carbon-dioxide-nanotubes-lithium-carbonate/
2783,2018-06-05 18:30:00,https://www.msn.com/en-sg/news/other/china-goes-all-out-to-secure-lithium-cobalt-supplies-key-to-dominating-the-world-electric-car-market/ar-AAycrbF
2786,2018-06-06 13:45:00,https://www.prnewswire.com/news-releases/cobalt-market-projected-to-grow-with-demand-for-lithium-ion-batteries-684686871.html
2790,2018-06-07 13:45:00,http://www.kxxv.com/story/38370590/cobalt-and-lithium-markets-rise-in-value-as-electric-vehicles-increase-in-demand
2791,2018-06-07 15:15:00,https://www.prnewswire.com/news-releases/cobalt-and-lithium-markets-rise-in-value-as-electric-vehicles-increase-in-demand-684836621.html
2799,2018-06-12 13:30:00,https://www.prnewswire.com/news-releases/cobalts-scarcity-influences-the-lithium-ion-battery-market-685240801.html
2835,2018-06-19 19:15:00,https://www.wkrb13.com/2018/06/19/nvwm-llc-boosts-position-in-glb-x-funds-glb-x-lithium-etf-n-lit.html
2857,2018-06-30 07:00:00,http://www.scmp.com/business/companies/article/2153154/cobalt-lithium-and-nickel-are-booming-due-chinas-insatiable
2858,2018-06-30 12:30:00,https://www.msn.com/en-sg/news/other/cobalt-lithium-and-nickel-are-booming-due-to-chinas-insatiable-appetite-for-electric-vehicles/ar-AAznB6p
2865,2018-07-03 13:30:00,https://steelguru.com/metal/cobalt-lithium-and-nickel-are-booming-due-to-china-s-insatiable-appetite-for-electric-vehicles/513708
2888,2018-07-09 19:00:00,https://business.financialpost.com/investing/these-battery-skeptics-think-cobalt-and-lithium-prices-are-overcooked
2900,2018-07-18 15:45:00,http://markets.businessinsider.com/news/stocks/plateau-energy-metals-announces-final-results-from-its-preliminary-test-work-program-at-ansto-minerals-laboratories-australia-battery-grade-lithium-carbonate-produced-as-final-product-from-plu-s-1027377661
2922,2018-07-31 10:30:00,https://www.military-technologies.net/2018/07/31/lithium-iron-phosphate-market-trends-and-forecasts-2018-to-2022/
2966,2018-08-17 03:00:00,https://thewest.com.au/business/public-companies/infinity-looks-to-lithium-hydroxide-in-spain-ng-b88931063z
3034,2018-09-13 11:30:00,https://cleantechnica.com/2018/09/13/cobalt-the-toxic-hazard-in-lithium-batteries-that-puts-profit-before-people-the-planet/
3096,2018-10-10 13:30:00,https://www.finanzen.ch/nachrichten/aktien/u-s-department-of-energy-selects-cabot-corporation-as-technology-partner-for-development-of-low-cobalt-cathodes-for-next-generation-lithium-ion-batteries-1027605009
3097,2018-10-10 13:30:00,https://www.finanzen.net/nachricht/aktien/u-s-department-of-energy-selects-cabot-corporation-as-technology-partner-for-development-of-low-cobalt-cathodes-for-next-generation-lithium-ion-batteries-6693218
3104,2018-10-11 19:45:00,https://www.prnewswire.com/news-releases/global-cobalt-market-expected-to-grow-as-demand-for-lithium-ion-batteries-increases-857937494.html
3118,2018-10-17 07:30:00,https://www.prnewswire.com/news-releases/demand-for-lithium-and-cobalt-expected-to-grow-as-evs-gain-popularity-849433262.html
3130,2018-10-22 15:00:00,https://www.prnewswire.com/news-releases/price-of-cobalt-climbs-as-demand-for-lithium-ion-batteries-continues-to-grow-859108407.html
3138,2018-10-25 15:15:00,https://www.prnewswire.com/news-releases/increasing-reliance-on-lithium-ion-batteries-for-evs-is-set-to-grow-the-cobalt-market-849676585.html
3144,2018-10-30 13:15:00,https://economics.unian.info/10317762-ukraine-s-rich-lithium-cobalt-deposits-could-help-eu-boost-positions-in-global-market-of-electric-cars-minister.html
3145,2018-10-30 16:00:00,https://www.kyivpost.com/ukraine-politics/unian-minister-says-ukraines-rich-lithium-cobalt-deposits-could-help-eu-boost-positions-in-global-market-of-electric-cars.html
3318,2019-01-04 15:00:00,https://www.finanznachrichten.de/nachrichten-2019-01/45643638-lithiumore-issues-8k-for-appointment-of-panasonic-automotive-executive-to-advisory-team-200.htm
3320,2019-01-07 13:15:00,https://www.prnewswire.com:443/news-releases/cobalt-27-acquires-lithium-royalty-on-the-producing-mount-marion-lithium-mine-300773501.html
3321,2019-01-07 17:30:00,https://www.juniorminingnetwork.com/junior-miner-news/press-releases/2092-tsx-venture/kblt/56623-cobalt-27-acquires-lithium-royalty-on-the-producing-mount-marion-lithium-mine.html
3322,2019-01-07 22:00:00,http://resourceworld.com/index.php/cobalt-27-adds-lithium-royalty-to-portfolio/
3443,2019-02-22 14:15:00,https://news.yahoo.com/lithium-etf-one-month-high-130001588.html
3451,2019-02-27 14:45:00,https://www.finanznachrichten.de/nachrichten-2019-02/46075590-qmc-quantum-minerals-visualizes-spodumene-as-diamond-drilling-continues-at-the-irgon-lithium-mine-project-296.htm
3524,2019-04-09 10:45:00,http://sea-globe.com/indonesia-preps-for-lithium-battery-production-with-low-grade-nickel-plant/
3531,2019-04-12 10:15:00,https://www.reuters.com/article/china-metals-lithium/chinas-general-lithium-to-launch-60000-t-spodumene-converter-by-end-2020-idUSL3N21U1DJ
3534,2019-04-12 16:45:00,https://auto.economictimes.indiatimes.com/news/auto-components/chinas-general-lithium-to-launch-60000-t-spodumene-converter-by-end-2020/68855267
3536,2019-04-12 17:15:00,http://www.mining.com/web/chinas-general-lithium-launch-60000-t-spodumene-converter-end-2020/
3539,2019-04-15 17:15:00,https://www.dailyamerican.com/news/business/nation/global-lithium-hydroxide-market-will-grow-at-a-cagr-of/article_75f36432-1fb6-56f3-8f78-ae2fc4caf5df.html
3540,2019-04-15 17:45:00,https://www.finanznachrichten.de/nachrichten-2019-04/46468794-global-lithium-hydroxide-market-will-grow-at-a-cagr-of-13-during-2019-2023-technavio-004.htm
3600,2019-05-10 12:45:00,https://www.etftrends.com/tactical-allocation-channel/big-holding-in-the-lithium-etf-is-looking-to-boost-output/
3718,2019-08-16 16:00:00,https://seekingalpha.com/article/4286259-lithium-spodumene-producers-trouble
3741,2019-09-03 19:15:00,https://www.prnewswire.com/news-releases/united-states-data-center-construction-market-2019-2024-market-is-projected-to-generate-revenues-of-around-12-billion---rising-adoption-of-lithium-ion-nickel-zinc-and-fuel-cells-300910668.html
3746,2019-09-10 19:15:00,https://www.etftrends.com/tactical-allocation-channel/lithium-etf-can-shed-its-lethargy-as-ev-demand-takes-hold/
3885,2019-10-20 17:15:00,https://markets.businessinsider.com/news/stocks/the-us-doubles-down-on-domestic-lithium-production-1028613119
3887,2019-10-20 22:30:00,https://www.investmentwatchblog.com/the-u-s-doubles-down-on-domestic-lithium-production/
3906,2019-10-24 00:30:00,https://www.nasdaq.com/articles/australias-galaxy-resources-to-cut-lithium-production-2019-10-23
4037,2019-12-23 07:15:00,https://paultan.org/2019/12/23/ibm-discovers-cobalt-free-battery-that-can-outperform-lithium-ion-in-cost-charging-time-and-efficiency/
4132,2020-02-19 05:45:00,https://www.gizbot.com/news/lithium-ore-found-near-bengaluru-will-it-drive-down-the-smartphone-price-065787.html
4166,2020-03-12 22:30:00,https://investingnews.com/ceo-interviews/piedmont-lithium-ceo-keith-phillips-domestic-lithium-production-supply-chain-inefficiencies/
4175,2020-03-20 22:00:00,https://cleantechnica.com/2020/03/20/new-filtering-process-could-speed-up-lithium-production/
4183,2020-03-25 08:45:00,https://investingnews.com/ceo-interviews/e3-metals-ceo-chris-doornbos-strategic-minerals-strategy-domestic-lithium-production-canada/
4189,2020-04-01 20:45:00,https://www.prnewswire.com/news-releases/analysis-on-the-worlds-secondary-batteries-industry-2015-2030-lead-acid-lithium-ion-li-ion-nickel-metal-hydride-others-301033560.html
4224,2020-05-13 13:45:00,https://investingnews.com/daily/resource-investing/battery-metals-investing/lithium-investing/piedmont-completes-additional-testwork-to-produce-high-grade-spodumene-and-byproduct-concentrates/
4259,2020-06-03 21:30:00,https://calgarysun.com/business/local-business/calgary-based-lithium-refining-company-launches-sk-pilot-project/wcm/329fd3df-6192-4182-a8c3-4db3d4e9330c
4294,2020-07-02 01:00:00,https://cleantechnica.com/2020/07/01/why-lithium-iron-phosphate-batteries-may-be-the-key-to-the-ev-revolution/
4313,2020-07-23 14:15:00,https://investingnews.com/news/australia-investing/piedmont-achieves-milestone-with-production-of-battery-quality-lithium-hydroxide/
4317,2020-07-26 02:15:00,https://etfdailynews.com/news/why-the-lithium-etf-is-falling-this-week-lit/
4324,2020-07-29 13:45:00,https://www.finanznachrichten.de/nachrichten-2020-07/50300497-american-lithium-corporation-discusses-the-potential-of-lithium-production-in-nevada-with-the-stock-day-podcast-296.htm
4326,2020-07-29 18:45:00,https://stockdaymedia.com/american-lithium-corporation-discusses-the-potential-of-lithium-production-in-nevada-with-the-stock-day-podcast-liacf-july-29-2020/
4334,2020-08-04 06:30:00,https://cleantechnica.com/2020/08/04/vulcan-is-a-step-closer-to-net-zero-carbon-lithium-production/
4351,2020-08-19 13:15:00,https://www.prnewswire.com/news-releases/consumer-electronic-devices-fueling-steady-demand-for-lithium-and-cobalt-301114538.html
4352,2020-08-19 13:15:00,https://www.finanznachrichten.de/nachrichten-2020-08/50487421-consumer-electronic-devices-fueling-steady-demand-for-lithium-and-cobalt-008.htm
4353,2020-08-19 15:15:00,https://www.wfmz.com/news/pr_newswire/pr_newswire_technology/consumer-electronic-devices-fueling-steady-demand-for-lithium-and-cobalt/article_27a6881a-f332-5167-83ff-97bedad61631.html
4354,2020-08-19 15:45:00,https://www.financialnewsmedia.com/consumer-electronic-devices-fueling-steady-demand-for-lithium-and-cobalt/
4362,2020-08-26 17:45:00,https://investingnews.com/daily/resource-investing/battery-metals-investing/lithium-investing/piedmont-resumes-drilling-to-further-increase-mineral-resources-in-the-carolina-tin-spodumene-belt/
4451,2020-09-30 01:00:00,https://www.forbes.com/sites/timtreadgold/2020/09/29/tesla-as-a-mining-company-lithium-today-nickel-tomorrow/
4466,2020-10-10 05:45:00,https://www.deccanherald.com/business/business-news/chile-has-a-reassuring-message-for-electric-car-makers-lithium-production-wont-be-affected-899952.html
4545,2020-12-30 19:00:00,https://cleantechnica.com/2020/12/30/tesla-gets-5-year-lithium-hydroxide-deal-with-chinas-yahua/
4546,2020-12-30 20:15:00,https://invezz.com/news/2020/12/30/yahua-industrial-to-supply-battery-grade-lithium-hydroxide-to-tesla/
4549,2021-01-01 04:15:00,https://www.carandbike.com/news/tesla-secures-long-term-lithium-hydroxide-supply-with-yahua-2346173
4566,2021-01-07 19:00:00,https://cleantechnica.com/2021/01/07/cobalt-banished-from-new-lithium-ion-electric-vehicle-batteries/
4574,2021-01-09 21:00:00,https://www.nugget.ca/news/local-news/frontier-lithium-commences-operation-of-lithium-hydroxide-mini-pilot-plant
4650,2021-02-10 17:30:00,https://news.yahoo.com/15-biggest-lithium-mining-companies-164610899.html
4670,2021-02-17 18:15:00,https://www.prnewswire.com:443/news-releases/global-smart-e-drive-market-report-2021-component-power-electronics-e-brake-booster-inverter-motor-battery-others--battery-type-lithium-ion-nickel-based-solid-state-battery-others-301230167.html
4698,2021-02-27 00:15:00,https://www.benzinga.com/news/21/02/19879428/why-tesla-is-shifting-more-evs-to-lithium-iron-phosphate-batteries
4700,2021-02-28 14:00:00,https://www.benzinga.com/news/21/02/19883338/xpeng-to-release-new-p7-sedan-with-lithium-iron-phosphate-battery-march-3-report
4805,2021-04-07 12:30:00,https://www.finanznachrichten.de/nachrichten-2021-04/52507632-rio-tinto-achieves-battery-grade-lithium-production-at-boron-plant-004.htm
4859,2021-04-28 14:45:00,https://www.benzinga.com/news/21/04/20836973/nio-working-on-lower-priced-model-with-lithium-iron-phosphate-battery-report
4881,2021-05-06 12:30:00,https://www.finanznachrichten.de/nachrichten-2021-05/52796777-nickel-rock-announces-clayton-valley-lithium-project-exploration-program-results-008.htm
4882,2021-05-06 12:45:00,https://www.prnewswire.co.uk/news-releases/nickel-rock-announces-clayton-valley-lithium-project-exploration-program-results-895488370.html
4884,2021-05-06 13:15:00,https://www.prnewswire.com/news-releases/nickel-rock-announces-clayton-valley-lithium-project-exploration-program-results-301285291.html
4909,2021-05-14 07:45:00,https://www.thestandard.com.hk/breaking-news/section/2/172252/Tesla-in-talks-with-EVE-Energy-for-lithium-iron-phosphate-batteries
4915,2021-05-17 05:30:00,https://www.finanznachrichten.de/nachrichten-2021-05/52887455-standard-lithium-commences-preliminary-economic-assessment-to-produce-lithium-hydroxide-from-south-arkansas-tetra-property-399.htm
4922,2021-05-19 11:30:00,http://www.proactiveinvestors.com.au/companies/news/949946/european-metals-says-tests-support-cinovec-s-ability-to-initially-produce-battery-grade-lithium-carbonate-949946.html
4933,2021-06-01 14:15:00,https://www.chronicle.co.zw/just-in-prospect-says-ready-to-start-pilot-lithium-production/
4952,2021-06-10 11:30:00,https://www.finanznachrichten.de/nachrichten-2021-06/53115439-schlumberger-new-energy-and-panasonic-energy-of-north-america-announce-strategic-collaboration-on-new-battery-grade-lithium-production-process-004.htm
4953,2021-06-10 12:15:00,https://www.businesswireindia.com/schlumberger-new-energy-and-panasonic-energy-of-north-america-announce-strategic-collaboration-on-new-battery-grade-lithium-production-process-73430.html
4954,2021-06-10 13:30:00,http://www.consumerelectronicsnet.com/schlumberger-new-energy-and-panasonic-energy-of-north-america-announce-strategic-collaboration-on-new-battery-grade-lithium-production-process-2/
4955,2021-06-10 13:30:00,http://www.consumerelectronicsnet.com/schlumberger-new-energy-and-panasonic-energy-of-north-america-announce-strategic-collaboration-on-new-battery-grade-lithium-production-process/
4959,2021-06-11 13:45:00,https://www.finanznachrichten.de/nachrichten-2021-06/53129432-pure-energy-minerals-ltd-schlumberger-new-energy-and-panasonic-energy-of-north-america-announce-strategic-collaboration-on-new-battery-grade-lithium-296.htm
4962,2021-06-11 19:30:00,https://www.thewhig.com/newsfile/87286-schlumberger-new-energy-and-panasonic-energy-of-north-america-announce-strategic-collaboration-on-new-batterygrade-lithium-production-process
4963,2021-06-14 08:00:00,https://www.finanznachrichten.de/nachrichten-2021-06/53138691-cruz-cobalt-corp-cruz-cobalt-clayton-valley-lithium-update-296.htm
4971,2021-06-17 05:45:00,https://www.finanznachrichten.de/nachrichten-2021-06/53172673-edison-cobalt-corp-edison-acquires-lithium-brine-claims-in-south-america-s-famed-lithium-triangle-296.htm
4982,2021-06-24 18:30:00,https://www.thechemicalengineer.com/news/partners-collaborate-for-sustainable-lithium-production/
5028,2021-07-03 20:45:00,https://www.desertsun.com/story/news/environment/2021/07/02/general-motors-partners-salton-sea-lithium-production-electric-vehicles/7841300002/
5033,2021-07-07 14:15:00,https://africabusinesscommunities.com/news/ironridge-partners-with-piedmont-for-lithium-production-in-ghana/
5037,2021-07-08 17:00:00,http://spaceref.com/astronomy/small-amount-of-lithium-production-in-classical-nova.html
5067,2021-07-15 07:30:00,https://foreignaffairs.co.nz/2021/07/15/mil-osi-standard-lithium-announces-delivery-of-its-sift-lithium-carbonate-plant-to-el-dorado-arkansas-project-site/
5074,2021-07-16 07:45:00,https://www.finanznachrichten.de/nachrichten-2021-07/53428183-cruz-cobalt-corp-cruz-acquires-drill-ready-solar-lithium-project-in-nevada-296.htm
5258,2021-09-01 07:30:00,https://www.finanznachrichten.de/nachrichten-2021-09/53826686-standard-lithium-provides-update-on-its-el-dorado-arkansas-project-and-sift-lithium-carbonate-plant-399.htm
5331,2021-09-30 11:00:00,https://www.prnewswire.com:443/news-releases/albemarle-to-expand-lithium-production-capabilities-with-acquisition-of-guangxi-tianyuan-new-energy-materials-co-ltd-301388704.html
5332,2021-09-30 13:00:00,https://investingnews.com/news/lithium-investing/albemarle-to-expand-lithium-production-capabilities-with-acquisition-of-guangxi-tianyuan-new-energy-materials-co.ltd/
5338,2021-10-01 01:15:00,https://www.fool.com.au/2021/10/01/can-you-buy-a-lithium-etf-on-the-asx-today/
5344,2021-10-04 12:30:00,https://www.finanznachrichten.de/nachrichten-2021-10/54108001-american-resources-corporation-succeeds-in-achieving-greater-than-99-5-purity-of-lithium-cobalt-and-nickel-from-recycled-electric-vehicle-batteries-200.htm
5345,2021-10-04 12:30:00,https://www.stlouisstar.com/news/271390405/american-resources-corporation-succeeds-in-achieving-greater-than-995-purity-of-lithium-cobalt-and-nickel-from-recycled-electric-vehicle-batteries
5348,2021-10-04 16:00:00,https://www.chemicalonline.com/doc/albemarle-to-expand-lithium-production-guangxi-tianyuan-new-energy-materials-co-ltd-0001
5365,2021-10-09 14:45:00,https://www.autoevolution.com/news/automakers-invested-in-new-technology-for-greener-lithium-production-for-evs-171357.html
5415,2021-10-22 14:15:00,https://news.metal.com/newscontent/101628907/In-the-next-five-years-lithium-iron-phosphate-shipments-will-reach-the-most-exciting-part-of-800GWh-material-manufacturers-production-expansion/
5470,2021-11-05 21:30:00,https://www.etftrends.com/thematic-investing-channel/tesla-strikes-deal-with-largest-battery-grade-lithium-supplier/
5502,2021-11-15 18:30:00,https://www.rechargenews.com/energy-transition/technology-breakthrough-as-northvolt-produces-first-ever-lithium-ion-battery-cell-with-100-recycled-nickel-manganese-and-cobalt/2-1-1098748
5511,2021-11-17 14:00:00,https://www.finanznachrichten.de/nachrichten-2021-11/54517278-financialnewsmedia-com-automotive-industry-s-move-to-adopt-lioh-for-battery-manufacturing-expected-to-benefit-lithium-market-growth-008.htm
5512,2021-11-17 14:00:00,https://www.prnewswire.com:443/news-releases/automotive-industrys-move-to-adopt-lioh-for-battery-manufacturing-expected-to-benefit-lithium-market-growth-301426394.html
5558,2021-12-01 13:30:00,https://www.geekwire.com/2021/climate-tech-funding-news-battgenie-works-its-magic-lithium-refining-startup-gets-gates-support/
5559,2021-12-01 13:45:00,https://www.msn.com/en-us/news/technology/climate-tech-funding-news-battgenie-works-its-magic-lithium-refining-startup-gets-gates-support/ar-AARl6WO
5597,2021-12-14 01:15:00,https://www.fnarena.com/index.php/2021/12/14/material-matters-iron-ore-lithium-nickel-coal-gold-rare-earths/
5712,2022-01-21 12:30:00,https://www.finanznachrichten.de/nachrichten-2022-01/55035614-benton-resources-inc-benton-and-sokoman-initiate-drill-program-at-the-kraken-lithium-prospect-on-the-golden-hope-jv-spodumene-bearing-pegmatite-enc-296.htm
5756,2022-02-02 22:00:00,https://www.torquenews.com/15475/good-news-tesla-cobalt-nickel-free-lithium-iron-battery-be-available-3-years-50-more-energy-dense-lfp
5783,2022-02-09 06:30:00,https://stockhead.com.au/resources/monsters-of-rock-nickel-mines-raises-big-for-indonickel-and-will-lithium-prices-have-a-crash-landing/
5788,2022-02-09 14:45:00,https://www.dallassun.com/news/272281113/premier-of-manitoba-meets-snow-lake-lithium-to-discuss-lithium-production-outlook-in-manitoba
5791,2022-02-09 21:00:00,https://www.torquenews.com/15475/key-components-tesla-lithium-nickel-and-cobalt-price-evolution
5851,2022-02-24 14:00:00,https://www.digitaljournal.com/pr/american-resources-corporation-furthers-feasibility-study-for-lithium-and-cobalt-reserves-on-20000-acres-of-controlled-property
5852,2022-02-24 14:00:00,https://www.bignewsnetwork.com/news/272332106/american-resources-corporation-furthers-feasibility-study-for-lithium-and-cobalt-reserves-on-20000-acres-of-controlled-property
5853,2022-02-24 14:00:00,https://www.finanznachrichten.de/nachrichten-2022-02/55333765-american-resources-corporation-furthers-feasibility-study-for-lithium-and-cobalt-reserves-on-20-000-acres-of-controlled-property-200.htm
5877,2022-03-02 02:00:00,https://www.proactiveinvestors.com.au/companies/news/975489/core-lithium-signs-binding-term-sheet-to-supply-110-000-tonnes-of-spodumene-concentrate-to-tesla-shares-up-975489.html
5878,2022-03-02 06:15:00,https://www.proactiveinvestors.com.au/companies/news/975489/core-lithium-hits-new-high-on-signing-binding-term-sheet-to-supply-110-000-tonnes-of-spodumene-concentrate-to-tesla-975489.html
5890,2022-03-07 19:30:00,https://www.prnewswire.com:443/news-releases/lithium-carbonate-market-to-grow-by-811-16-thousand-tons-from-2021-to-2026--batteries-segment-to-be-significant-for-revenue-generation--17000-technavio-reports-301495933.html
5892,2022-03-08 13:15:00,https://realmoney.thestreet.com/markets/red-monday-running-for-the-hills-crude-reality-nickel-lithium-apple-event-15931602
5924,2022-03-18 04:00:00,https://www.proactiveinvestors.com.au/companies/news/977172/magnis-energy-technologies-60-owned-im3ny-set-to-produce-lithium-ion-batteries-without-nickel-and-cobalt-in-june-977172.html
6018,2022-04-11 21:00:00,https://www.sandiegosun.com/news/272472031/lithium-hydroxide-market-size-estimated-to-reach-us26-billion-by-2027
6072,2022-04-26 07:45:00,https://www.digitaljournal.com/pr/foremost-lithium-intersects-a-new-spodumene-pegmatite-and-extends-dike-8-on-its-100-owned-zoro-lithium-project-in-snow-lake-manitoba
6073,2022-04-26 07:45:00,https://www.finanznachrichten.de/nachrichten-2022-04/55866574-foremost-lithium-resource-technology-ltd-foremost-lithium-intersects-a-new-spodumene-pegmatite-and-extends-dike-8-on-its-100-owned-zoro-lithium-p-296.htm
6087,2022-04-28 12:00:00,https://markets.financialcontent.com/stocks/article/accesswire-2022-4-28-american-resources-corporation-secures-worldwide-rights-to-new-provisional-patent-for-producing-battery-grade-lithium-cobalt-and-nickel
6088,2022-04-28 12:00:00,https://www.finanznachrichten.de/nachrichten-2022-04/55900063-american-resources-corporation-secures-worldwide-rights-to-new-provisional-patent-for-producing-battery-grade-lithium-cobalt-and-nickel-200.htm
6089,2022-04-28 12:15:00,https://www.bignewsnetwork.com/news/272525695/american-resources-corporation-secures-worldwide-rights-to-new-provisional-patent-for-producing-battery-grade-lithium-cobalt-and-nickel
6139,2022-05-06 21:45:00,https://www.deseret.com/utah/2022/5/6/23060115/elon-musk-and-his-success-with-a-cobalt-free-ev-battery-at-tesla-congo-lithium-child-labor-abuse
6170,2022-05-19 09:30:00,https://cleantechnica.com/2022/05/19/the-id-buzz-wait-is-over-bmw-invests-in-lithium-refining-mercedes-sila-high-silicon-ev-batteries-ev-news-today/
6182,2022-05-23 06:30:00,https://www.proactiveinvestors.com/companies/news/982909/piedmont-lithium-s-partner-sayona-mining-progresses-towards-becoming-north-america-s-first-spodumene-producer-following-positive-nal-project-pfs-982909.html
6243,2022-06-02 19:00:00,https://www.freep.com/story/money/cars/chrysler/2022/06/02/stellantis-lithium-hydroxide-battery-electric-vehicle-california-salton-sea/7484851001/
6278,2022-06-09 15:00:00,https://thedeepdive.ca/german-lithium-production-facility-faces-potential-shutdown-should-eu-classify-the-metal-as-hazardous/
6298,2022-06-15 18:00:00,https://www.architectureanddesign.com.au/news/increased-lithium-production-reduced-ev-car-prices
6311,2022-06-20 06:00:00,https://www.process-worldwide.com/albemarles-new-chemical-conversion-plant-to-double-lithium-production-a-e5e4e0c5850e8c65a0c7a609f88ce59d/
6330,2022-06-22 18:45:00,https://www.prnewswire.com/news-releases/outlook-on-the-lithium-ion-battery-metals-global-market-to-2031---players-include-nei-huayou-cobalt-toda-kogyo-and-coremax-among-others-301572939.html
6396,2022-07-04 02:15:00,https://mrtopstep.com/peak-asset-morning-wrap-07-july-asx-to-lift-markets-try-to-move-past-a-tough-first-half-argus-says-its-time-to-shake-up-spodumene-pricing-lithium-ipo-up-55pc-on-debut/
6419,2022-07-07 20:30:00,https://markets.financialcontent.com/stocks/article/bizwire-2022-7-7-icl-signs-memorandum-of-understanding-with-aleees-for-production-of-lithium-iron-phosphate-battery-cathode-materials
6421,2022-07-08 08:00:00,https://www.prnewswire.com/news-releases/icl-signs-memorandum-of-understanding-with-aleees-for-production-of-lithium-iron-phosphate-battery-cathode-materials-301582848.html
6424,2022-07-08 08:15:00,https://www.finanznachrichten.de/nachrichten-2022-07/56504922-icl-signs-memorandum-of-understanding-with-aleees-for-production-of-lithium-iron-phosphate-battery-cathode-materials-008.htm
6425,2022-07-08 10:15:00,https://www.malaysiasun.com/news/272613744/icl-signs-memorandum-of-understanding-with-aleees-for-production-of-lithium-iron-phosphate-battery-cathode-materials
6426,2022-07-08 11:00:00,https://www.prnewswire.co.uk/news-releases/icl-signs-memorandum-of-understanding-with-aleees-for-production-of-lithium-iron-phosphate-battery-cathode-materials-871697139.html
6471,2022-07-20 21:45:00,https://www.proactiveinvestors.com/companies/news/987894/na-proactive-news-snapshot-tartisan-nickel-argentina-lithium-energy-aim-immunotech-altamira-gold-northwest-copper-update-987894.html
6473,2022-07-21 05:30:00,https://www.bnnbloomberg.ca/lithium-refining-is-a-license-to-print-money-musk-says-1.1794852
6474,2022-07-21 07:15:00,https://www.moneyweb.co.za/news/tech/lithium-refining-is-a-license-to-print-money-musk-says/
6477,2022-07-21 12:15:00,https://english.alarabiya.net/business/technology/2022/07/21/Musk-urges-investment-in-global-lithium-refining-to-ease-shortages
6482,2022-07-21 15:45:00,https://mybroadband.co.za/news/business/453394-lithium-refining-is-a-licence-to-print-money-elon-musk.html
6483,2022-07-21 17:00:00,https://www.marketwatch.com/story/ioneer-shares-rise-9-after-lithium-carbonate-deal-with-ford-271658420962
6488,2022-07-22 04:00:00,https://republicofmining.com/2022/07/21/lithium-refining-is-a-license-to-print-money-musk-says-by-annie-lee-bloomberg-news-july-20-2022/
6532,2022-08-02 13:00:00,https://energy.einnews.com/pr_news/584153368/lithium-iron-phosphate-battery-market-size-to-reach-usd-15-09-billion-by-2030-reports-and-data
6552,2022-08-09 12:15:00,https://www.so-co-it.com/post/665090/lithium-and-cobalt-important-raw-materials.html
6605,2022-09-02 01:15:00,https://www.proactiveinvestors.com.au/companies/news/991611/piedmont-lithium-embraces-tennessee-as-site-for-new-lithium-hydroxide-project-991611.html
6613,2022-09-06 18:30:00,https://www.proactiveinvestors.com/companies/news/991909/na-proactive-news-snapshot-fsd-pharma-eskay-mining-tnr-gold-arrow-exploration-universal-ibogaine-acme-lithium-nickel-north-exploration-update-991909.html
6636,2022-09-09 20:45:00,https://www.finanznachrichten.de/nachrichten-2022-09/57024416-tesla-planning-to-build-lithium-refining-factory-in-texas-020.htm
6637,2022-09-09 23:15:00,https://markets.businessinsider.com/news/stocks/tesla-planning-to-build-lithium-refining-factory-in-texas-1031735435
6652,2022-09-13 23:15:00,https://seekingalpha.com/article/4540785-tesla-what-4680-cells-supercharger-network-lithium-refining-have-in-common
6710,2022-09-27 02:30:00,https://www.proactiveinvestors.com.au/companies/news/993674/piedmont-lithium-partner-sets-itself-up-for-lithium-production-restart-in-canada-993674.html
6711,2022-09-27 04:15:00,https://www.proactiveinvestors.com/companies/news/993674/piedmont-lithium-partner-sets-itself-up-for-lithium-production-restart-in-canada-993674.html
6736,2022-10-04 03:00:00,https://www.proactiveinvestors.co.uk/companies/news/994348/piedmont-lithium-welcomes-plans-of-partner-sayona-mining-to-assess-lithium-carbonate-production-in-canada-994348.html
6737,2022-10-04 04:00:00,https://www.bnnbloomberg.ca/australia-could-grab-20-of-world-s-lithium-refining-by-2027-1.1827615
6739,2022-10-04 07:45:00,https://ajot.com/news/australia-could-grab-20-of-worldas-lithium-refining-by-2027
6740,2022-10-04 11:00:00,https://www.newjerseytelegraph.com/news/272815875/snow-lake-lithium-hosts-lg-energy-solution-as-part-of-collaboration-to-create-a-lithium-hydroxide-processing-plant
6741,2022-10-04 13:30:00,https://www.ai-online.com/2022/10/snow-lake-lithium-hosts-lg-energy-solution-as-part-of-collaboration-to-create-a-lithium-hydroxide-processing-plant/
6742,2022-10-04 18:00:00,https://www.mining.com/web/australia-could-grab-20-of-the-worlds-lithium-refining-by-2027/
6750,2022-10-05 12:30:00,https://www.finanznachrichten.de/nachrichten-2022-10/57226662-schlumberger-partners-with-gradiant-to-deliver-sustainable-production-of-battery-grade-lithium-compounds-004.htm
6753,2022-10-05 18:00:00,https://worldoil.com/news/2022/10/5/schlumberger-partners-with-gradiant-to-sustainably-produce-battery-grade-lithium-compounds/
6754,2022-10-05 21:15:00,https://www.oilandgas360.com/schlumberger-partners-with-gradiant-to-sustainably-produce-battery-grade-lithium-compounds/
6760,2022-10-06 22:15:00,https://www.rigzone.com/news/schlumberger_finds_partner_for_batterygrade_lithium_production-06-oct-2022-170607-article/
6768,2022-10-07 18:15:00,https://republicofmining.com/2022/10/07/australia-could-grab-20-of-the-worlds-lithium-refining-by-2027-by-james-fernyhough-bloomberg-news-october-3-2022/
6811,2022-10-19 16:45:00,https://markets.financialcontent.com/stocks/article/bizwire-2022-10-19-icl-to-lead-efforts-in-us-to-develop-sustainable-supply-chain-for-energy-storage-solutions-with-400-million-investment-in-new-lithium-iron-phosphate-manufacturing-capabilities
6835,2022-10-24 23:15:00,https://www.proactiveinvestors.com/companies/news/996274/piedmont-lithium-partner-confirms-high-grade-spodumene-at-ewoyaa-in-ghana-996274.html
6881,2022-11-02 13:00:00,https://www.finanznachrichten.de/nachrichten-2022-11/57469027-financialnewsmedia-com-lithium-mining-companies-bullish-on-lithium-as-demand-for-lithium-ion-batteries-for-evs-continues-to-rise-008.htm
6883,2022-11-02 13:15:00,https://markets.buffalonews.com/buffnews/article/financialnewsmedia-2022-11-2-lithium-mining-companies-bullish-on-lithium-as-demand-for-lithium-ion-batteries-for-evs-continues-to-rise
6900,2022-11-04 12:30:00,https://markets.buffalonews.com/buffnews/article/thenewswire-2022-11-4-arianne-phosphate-has-capacity-to-meet-growing-demand-as-electric-vehicles-transition-to-lithium-iron-phosphate-batteries
6901,2022-11-04 12:30:00,https://www.finanznachrichten.de/nachrichten-2022-11/57494816-eqs-news-arianne-phosphate-has-capacity-to-meet-growing-demand-as-electric-vehicles-transition-to-lithium-iron-phosphate-batteries-023.htm
6902,2022-11-04 12:45:00,https://www.boersennews.de/nachrichten/artikel/eqs-news-arianne-phosphate-has-capacity-to-meet-growing-demand-as-electric-vehicles-transition-to-lithium-iron-phosphate-batteries/3925842/
6903,2022-11-04 12:45:00,https://www.investegate.co.uk/arianne-phosphate/eqs/arianne-phosphate-has-capacity-to-meet-growing-demand-as-electric-vehicles-transition-to-lithium-iron-phosphate-batteries/20221104120008EDPPG/
6932,2022-11-14 18:45:00,https://markets.financialcontent.com/stocks/article/bizwire-2022-11-14-lithium-iron-phosphate-batteries-global-market-report-2022-increased-demand-for-electric-vehicles-fuels-growth-researchandmarketscom
6933,2022-11-14 21:45:00,https://seekingalpha.com/article/4557635-batt-not-enough-lithium-in-this-lithium-etf
6963,2022-11-21 14:15:00,https://www.prnewswire.com:443/news-releases/lithium-iron-phosphate-batteries-global-market-to-reach-11-13-billion-by-2026-at-a-cagr-of-13-6-301683744.html
6975,2022-11-23 08:45:00,https://www.finanznachrichten.de/nachrichten-2022-11/57661450-li-ft-power-ltd-li-ft-to-acquire-the-yellowknife-lithium-project-a-portfolio-of-14-significant-spodumene-pegmatites-296.htm
6986,2022-11-28 07:15:00,https://www.bnnbloomberg.ca/australian-miner-eyes-lithium-refining-in-challenge-to-china-1.1851719
6989,2022-11-28 17:00:00,https://en.acnnewswire.com/press-release/english/79501/queensland-gold-hills-announces-acquisition-of-mia-lithium-project-in-quebec-hosting-8km-spodumene-pegmatite-trend-and-concurrent-private-placement-fi
7074,2022-12-17 09:15:00,https://www.marketwatch.com/articles/markets-critical-minerals-lithium-cobalt-copper-51671227168
7123,2023-01-03 14:15:00,https://markets.buffalonews.com/buffnews/article/accwirecq-2023-1-3-american-resources-corporations-reelement-technologies-produces-ultra-high-purity-battery-grade-lithium-from-recycled-batteries
7127,2023-01-04 01:15:00,https://www.proactiveinvestors.com/companies/news/1002337/piedmont-lithium-amends-tesla-offtake-agreement-will-supply-spodumene-concentrate-from-north-american-lithium-1002337.html
7129,2023-01-04 02:30:00,https://www.proactiveinvestors.com.au/companies/news/1002337/piedmont-lithium-amends-tesla-offtake-agreement-will-supply-spodumene-concentrate-from-north-american-lithium-1002337.html
7258,2023-01-31 02:00:00,https://www.proactiveinvestors.co.uk/companies/news/1004711/piedmont-lithium-welcomes-partner-sayona-mining-s-nal-ore-crushing-trial-success-step-closer-to-lithium-production-1004711.html
7280,2023-02-06 09:00:00,https://markets.financialcontent.com/stocks/article/gnwcq-2023-2-6-recharge-resources-2023-drilling-campaign-at-pocitos-1-lithium-brine-project-plans-another-milestone-under-offtake-loi-to-supply-up-to-20000-tonnes-per-year-of-lithium-carbonate-equivalent
7332,2023-02-13 23:30:00,https://www.canadianminingjournal.com/news/sigma-plans-april-for-commercial-lithium-production-eyes-expansion-to-766000-t-y/
7335,2023-02-14 08:00:00,https://www.yicaiglobal.com/news/ford-to-build-usd35-billion-lithium-iron-phosphate-plant-in-michigan-with-china-catl
7336,2023-02-14 13:30:00,https://www.breakinglatest.news/business/ningde-era-enters-the-united-states-provides-technology-and-jointly-builds-the-first-lithium-iron-phosphate-battery-factory-in-the-united-states-with-ford-wsj/
7380,2023-02-22 02:00:00,https://www.designnews.com/automotive-engineering/pros-and-cons-lithium-iron-phosphate-ev-batteries
7391,2023-02-23 15:15:00,https://www.so-co-it.com/post/677825/cobalt-nickel-and-lithium-important-raw-materials-for-the-future.html
7400,2023-02-24 09:45:00,https://www.pv-magazine.com/2023/02/24/us-startup-unveils-lithium-iron-phosphate-battery-for-utility-scale-applications/
7418,2023-02-27 13:30:00,https://www.prnewswire.com/news-releases/battery-grade-lithium-carbonate-produced-from-bonnie-claire-lithium-deposit-nevada-301756016.html
7419,2023-02-27 13:30:00,https://finance.yahoo.com/news/battery-grade-lithium-carbonate-produced-130000082.html
7453,2023-03-05 15:30:00,https://www.autoblog.com/2023/03/05/tesla-lithium-refining/
7491,2023-03-09 08:45:00,https://www.thomasnet.com/insights/cobalt-lithium-prices-drop-amid-reduced-pressure-on-supply-and-demand/
7506,2023-03-10 01:00:00,https://www.proactiveinvestors.com/companies/news/1008649/piedmont-lithium-hails-first-spodumene-concentrate-sc6-production-at-north-american-lithium-project-1008649.html
7507,2023-03-10 03:15:00,https://www.proactiveinvestors.com.au/companies/news/1008649/piedmont-lithium-hails-first-spodumene-concentrate-sc6-production-at-north-american-lithium-project-1008649.html
7514,2023-03-10 16:30:00,https://www.chemengonline.com/gea-equips-albemarle-with-equipment-for-two-additional-lithium-hydroxide-production-lines/
7516,2023-03-10 18:00:00,https://finance.yahoo.com/news/lithium-iron-phosphate-batteries-global-172000850.html
7531,2023-03-14 07:30:00,https://markets.financialcontent.com/stocks/article/gnwcq-2023-3-14-recharge-resources-upgrading-lithium-brines-from-pocitos-lithium-project-to-battery-grade-lithium-carbonate
7566,2023-03-22 04:30:00,https://www.torquenews.com/15475/dropping-prices-lithium-carbonate-implications-electric-vehicle-and-device-battery-industries
7581,2023-03-27 19:15:00,https://www.railwayage.com/freight/short-lines-regionals/albemarle-to-launch-1-3b-lithium-hydroxide-plant-in-south-carolina/
7606,2023-03-28 19:00:00,https://www.autobodynews.com/south-carolina-approves-9m-grant-for-lithium-hydroxide-facility.html
7620,2023-03-29 12:45:00,https://markets.financialcontent.com/stocks/article/gnwcq-2023-3-29-geophysics-at-georgina-stairs-project-in-ontario-displays-exciting-comparisons-to-georgia-lake-spodumene-pegmatites-owned-by-rock-tech-lithium
7621,2023-03-29 13:00:00,https://markets.buffalonews.com/buffnews/article/gnwcq-2023-3-29-geophysics-at-georgina-stairs-project-in-ontario-displays-exciting-comparisons-to-georgia-lake-spodumene-pegmatites-owned-by-rock-tech-lithium
7638,2023-03-30 17:00:00,https://investorintel.com/critical-minerals-rare-earths/david-stevenson-of-lithium-one-environmental-on-its-nano-extraction-process-for-lithium-production/
7685,2023-04-04 10:15:00,https://www.dw.com/en/underwater-mining-to-extract-lithium-cobalt-threatens-biodiversity/a-65219511
7789,2023-04-19 17:30:00,https://www.pandct.com/news/rockwell-automation-supports-environmentally-friendly-lithium-production-to-secure-uk-supply
7863,2023-04-21 23:00:00,https://finance.yahoo.com/news/chile-nationalizing-lithium-production-vowing-193500311.html
7923,2023-04-26 04:45:00,https://www.proactiveinvestors.com/companies/news/1013266/ioneer-upgrades-lithium-carbonate-equivalent-resource-for-rhyolite-ridge-s-south-basin-by-168-to-3-4-million-tonnes-1013266.html
7960,2023-04-28 22:45:00,https://www.proactiveinvestors.com/companies/news/1013656/news-snapshot-sigma-lithium-harbor-custom-development-perk-labs-fathom-nickel-delta-9-cannabis-silver-bullet-mines-update-1013656.html
7995,2023-05-02 23:45:00,https://www.marketwatch.com/story/albemarle-approves-up-to-1-5b-lithium-hydroxide-plant-expansion-aff5ccf5
8007,2023-05-04 14:45:00,https://www.nsenergybusiness.com/news/albemarle-announces-1bn-expansion-kemerton-lithium-hydroxide-plant/
8010,2023-05-04 16:15:00,https://www.innovationnewsnetwork.com/albemarle-doubles-australian-lithium-hydroxide-production-in-1bn-project/32337/
8050,2023-05-09 06:15:00,https://www.fnarena.com/index.php/2023/05/09/material-matters-iron-ore-copper-lithium-nickel/
8073,2023-05-10 13:15:00,https://www.theglobeandmail.com/investing/markets/inside-the-market/article-citi-analyst-sees-a-buying-opportunity-for-cobalt-and-lithium-miners/
8079,2023-05-10 14:15:00,https://cleantechnica.com/2023/05/10/tesla-produces-5000-model-y-in-one-week-in-texas-launches-lithium-refining-site/
8157,2023-05-17 08:45:00,https://www.investing.com/analysis/lit-is-the-lithium-etf-a-buy-amid-growing-demand-200638164
8158,2023-05-17 12:00:00,https://www.marketwatch.com/articles/ford-electric-vehicles-production-lithium-nickel-tesla-6bdeaec0
8202,2023-05-22 12:30:00,https://www.eagletribune.com/region/compass-minerals-signs-binding-multiyear-agreement-to-supply-ford-motor-company-with-battery-grade-lithium/article_151cb81a-2118-56fd-a542-9d722e94eb7d.html
8213,2023-05-22 15:45:00,https://www.theglobeandmail.com/business/article-ford-unveils-new-supply-deals-for-battery-grade-lithium/
8233,2023-05-23 05:30:00,https://www.collisionrepairmag.com/compass-minerals-signs-binding-multiyear-agreement-to-supply-ford-motor-company-with-battery-grade-lithium-carbonate/
8235,2023-05-23 10:15:00,https://thesaxon.org/ford-will-buy-lithium-hydroxide-from-becancour/
8239,2023-05-23 14:15:00,https://greentechlead.com/electric-vehicle/ford-motor-signs-supply-deals-for-battery-grade-lithium-42788
8249,2023-05-23 18:15:00,https://www.canadianminingjournal.com/news/ford-contracts-lithium-hydroxide-supply-from-nemaskas-becancour-plant/
8259,2023-05-23 22:15:00,https://www.northernminer.com/fast-news/nemaska-lands-ford-as-lithium-hydroxide-customer-for-becancour-plant/1003855340/
8286,2023-05-26 10:15:00,https://www.prnewswire.com/news-releases/sigma-lithium-delivers-on-zero-tailings-strategy-receives-first-payment-and-obtains-premium-pricing-for-sale-of-green-lithium-at-9-of-lioh-index-301835240.html
